trace,policy,num_frames,total_accesses,page_faults,hits,evictions,fault_rate,hit_rate,runtime_seconds
swim,LRU,4,1520886,1195330,325556,1195326,0.785943,0.214057,1.65
swim,FIFO,4,1520886,1195249,325637,1195245,0.78589,0.21411,1.38
swim,Clock,4,1520886,1195260,325626,1195256,0.785897,0.214103,1.83
swim,OPT,4,1520886,734269,786617,734265,0.48279,0.51721,3.63
swim,LRU,8,1520886,978235,542651,978227,0.643201,0.356799,1.46
swim,FIFO,8,1520886,1086353,434533,1086345,0.71429,0.28571,1.39
swim,Clock,8,1520886,1040464,480422,1040456,0.684117,0.315883,1.89
swim,OPT,8,1520886,245936,1274950,245928,0.161706,0.838294,2.76
swim,LRU,16,1520886,2216,1518670,2200,0.001457,0.998543,0.73
swim,FIFO,16,1520886,2218,1518668,2202,0.001458,0.998542,0.78
swim,Clock,16,1520886,2222,1518664,2206,0.001461,0.998539,0.72
swim,OPT,16,1520886,1601,1519285,1585,0.001053,0.998947,2.04
swim,LRU,32,1520886,1575,1519311,1543,0.001036,0.998964,0.71
swim,FIFO,32,1520886,1544,1519342,1512,0.001015,0.998985,0.96
swim,Clock,32,1520886,1542,1519344,1510,0.001014,0.998986,0.73
swim,OPT,32,1520886,1503,1519383,1471,0.000988,0.999012,2.21
swim,LRU,64,1520886,1503,1519383,1439,0.000988,0.999012,0.74
swim,FIFO,64,1520886,1523,1519363,1459,0.001001,0.998999,1.47
swim,Clock,64,1520886,1506,1519380,1442,0.00099,0.99901,0.74
swim,OPT,64,1520886,1503,1519383,1439,0.000988,0.999012,2.74
swim,LRU,128,1520886,1503,1519383,1375,0.000988,0.999012,0.74
swim,FIFO,128,1520886,1513,1519373,1385,0.000995,0.999005,2.41
swim,Clock,128,1520886,1503,1519383,1375,0.000988,0.999012,0.74
swim,OPT,128,1520886,1503,1519383,1375,0.000988,0.999012,3.78
swim,LRU,256,1520886,1503,1519383,1247,0.000988,0.999012,0.88
swim,FIFO,256,1520886,1508,1519378,1252,0.000992,0.999008,4.48
swim,Clock,256,1520886,1503,1519383,1247,0.000988,0.999012,0.75
swim,OPT,256,1520886,1503,1519383,1247,0.000988,0.999012,5.72
swim,LRU,512,1520886,1503,1519383,991,0.000988,0.999012,0.77
swim,FIFO,512,1520886,1505,1519381,993,0.00099,0.99901,8.58
swim,Clock,512,1520886,1503,1519383,991,0.000988,0.999012,1.03
swim,OPT,512,1520886,1503,1519383,991,0.000988,0.999012,10.6
swim,LRU,1024,1520886,1503,1519383,479,0.000988,0.999012,0.78
swim,FIFO,1024,1520886,1504,1519382,480,0.000989,0.999011,20.99
swim,Clock,1024,1520886,1503,1519383,479,0.000988,0.999012,0.95
swim,OPT,1024,1520886,1503,1519383,479,0.000988,0.999012,24.35
gcc,LRU,4,1000000,243809,756191,243805,0.243809,0.756191,0.7
gcc,FIFO,4,1000000,302860,697140,302856,0.30286,0.69714,0.58
gcc,Clock,4,1000000,276968,723032,276964,0.276968,0.723032,0.79
gcc,OPT,4,1000000,185754,814246,185750,0.185754,0.814246,1.69
gcc,LRU,8,1000000,171186,828814,171178,0.171186,0.828814,0.69
gcc,FIFO,8,1000000,205368,794632,205360,0.205368,0.794632,1.07
gcc,Clock,8,1000000,181856,818144,181848,0.181856,0.818144,0.9
gcc,OPT,8,1000000,118480,881520,118472,0.11848,0.88152,2.24
gcc,LRU,16,1000000,116604,883396,116588,0.116604,0.883396,0.63
gcc,FIFO,16,1000000,138539,861461,138523,0.138539,0.861461,0.64
gcc,Clock,16,1000000,121682,878318,121666,0.121682,0.878318,0.65
gcc,OPT,16,1000000,80307,919693,80291,0.080307,0.919693,2.19
gcc,LRU,32,1000000,84401,915599,84369,0.084401,0.915599,0.8
gcc,FIFO,32,1000000,98067,901933,98035,0.098067,0.901933,2.21
gcc,Clock,32,1000000,87686,912314,87654,0.087686,0.912314,2.18
gcc,OPT,32,1000000,55802,944198,55770,0.055802,0.944198,3.51
gcc,LRU,64,1000000,59089,940911,59025,0.059089,0.940911,1.19
gcc,FIFO,64,1000000,70315,929685,70251,0.070315,0.929685,1.33
gcc,Clock,64,1000000,61640,938360,61576,0.06164,0.93836,0.86
gcc,OPT,64,1000000,38050,961950,37986,0.03805,0.96195,3.9
gcc,LRU,128,1000000,40821,959179,40693,0.040821,0.959179,0.64
gcc,FIFO,128,1000000,48526,951474,48398,0.048526,0.951474,1.49
gcc,Clock,128,1000000,43017,956983,42889,0.043017,0.956983,0.63
gcc,OPT,128,1000000,24391,975609,24263,0.024391,0.975609,3.61
gcc,LRU,256,1000000,25308,974692,25052,0.025308,0.974692,0.59
gcc,FIFO,256,1000000,31698,968302,31442,0.031698,0.968302,2.92
gcc,Clock,256,1000000,26789,973211,26533,0.026789,0.973211,0.69
gcc,OPT,256,1000000,12667,987333,12411,0.012667,0.987333,4.78
gcc,LRU,512,1000000,10425,989575,9913,0.010425,0.989575,1.01
gcc,FIFO,512,1000000,15609,984391,15097,0.015609,0.984391,5.39
gcc,Clock,512,1000000,11472,988528,10960,0.011472,0.988528,0.72
gcc,OPT,512,1000000,5662,994338,5150,0.005662,0.994338,7.18
gcc,LRU,1024,1000000,4391,995609,3367,0.004391,0.995609,0.76
gcc,FIFO,1024,1000000,6673,993327,5649,0.006673,0.993327,8.59
gcc,Clock,1024,1000000,4765,995235,3741,0.004765,0.995235,0.5
gcc,OPT,1024,1000000,3047,996953,2023,0.003047,0.996953,6.95
bzip,LRU,4,1000000,92770,907230,92766,0.09277,0.90723,0.64
bzip,FIFO,4,1000000,128601,871399,128597,0.128601,0.871399,0.54
bzip,Clock,4,1000000,111442,888558,111438,0.111442,0.888558,0.67
bzip,OPT,4,1000000,78562,921438,78558,0.078562,0.921438,1.55
bzip,LRU,8,1000000,30691,969309,30683,0.030691,0.969309,0.57
bzip,FIFO,8,1000000,47828,952172,47820,0.047828,0.952172,0.47
bzip,Clock,8,1000000,46164,953836,46156,0.046164,0.953836,0.91
bzip,OPT,8,1000000,18251,981749,18243,0.018251,0.981749,1.52
bzip,LRU,16,1000000,3344,996656,3328,0.003344,0.996656,0.65
bzip,FIFO,16,1000000,3820,996180,3804,0.00382,0.99618,0.5
bzip,Clock,16,1000000,3468,996532,3452,0.003468,0.996532,0.52
bzip,OPT,16,1000000,2427,997573,2411,0.002427,0.997573,1.33
bzip,LRU,32,1000000,2133,997867,2101,0.002133,0.997867,0.49
bzip,FIFO,32,1000000,2497,997503,2465,0.002497,0.997503,0.79
bzip,Clock,32,1000000,2203,997797,2171,0.002203,0.997797,0.53
bzip,OPT,32,1000000,1330,998670,1298,0.00133,0.99867,1.6
bzip,LRU,64,1000000,1264,998736,1200,0.001264,0.998736,0.54
bzip,FIFO,64,1000000,1467,998533,1403,0.001467,0.998533,0.82
bzip,Clock,64,1000000,1318,998682,1254,0.001318,0.998682,0.51
bzip,OPT,64,1000000,821,999179,757,0.000821,0.999179,2.08
bzip,LRU,128,1000000,771,999229,643,0.000771,0.999229,0.49
bzip,FIFO,128,1000000,891,999109,763,0.000891,0.999109,0.97
bzip,Clock,128,1000000,802,999198,674,0.000802,0.999198,0.53
bzip,OPT,128,1000000,497,999503,369,0.000497,0.999503,2.11
bzip,LRU,256,1000000,397,999603,141,0.000397,0.999603,0.68
bzip,FIFO,256,1000000,511,999489,255,0.000511,0.999489,2.94
bzip,Clock,256,1000000,432,999568,176,0.000432,0.999568,0.52
bzip,OPT,256,1000000,317,999683,61,0.000317,0.999683,4.3
bzip,LRU,512,1000000,317,999683,0,0.000317,0.999683,0.57
bzip,FIFO,512,1000000,317,999683,0,0.000317,0.999683,3.84
bzip,Clock,512,1000000,317,999683,0,0.000317,0.999683,0.58
bzip,OPT,512,1000000,317,999683,0,0.000317,0.999683,4.51
bzip,LRU,1024,1000000,317,999683,0,0.000317,0.999683,0.62
bzip,FIFO,1024,1000000,317,999683,0,0.000317,0.999683,3.67
bzip,Clock,1024,1000000,317,999683,0,0.000317,0.999683,0.64
bzip,OPT,1024,1000000,317,999683,0,0.000317,0.999683,4.99
